Description,Scientific Name,Max Score,Total Score,Query Cover,E value,Per. ident,Acc. Len,Accession  
Uncultured archaeon clone rifcsphigho2_01_scaffold_3522_curated,uncultured archaeon,408,747,0%,1e-109,71.60,184144,"=HYPERLINK(""https://www.ncbi.nlm.nih.gov/nucleotide/KY476664.1?report=genbank&log$=nucltop&blast_rank=1&RID=8HKDMKP301N"",""KY476664.1"")"
Uncultured archaeon clone gwa2_scaffold_32 genomic sequence,uncultured archaeon,408,1028,0%,1e-109,71.60,484018,"=HYPERLINK(""https://www.ncbi.nlm.nih.gov/nucleotide/KP308564.1?report=genbank&log$=nucltop&blast_rank=2&RID=8HKDMKP301N"",""KP308564.1"")"
"uncultured archaeon ANME-1, unordered contigs",uncultured archaeon,314,3599,0%,8e-81,68.34,3398838,"=HYPERLINK(""https://www.ncbi.nlm.nih.gov/nucleotide/FP565147.1?report=genbank&log$=nucltop&blast_rank=3&RID=8HKDMKP301N"",""FP565147.1"")"
Uncultured archaeon clone RBG_13_scaffold_4105 genomic sequence,uncultured archaeon,249,249,0%,3e-61,70.33,18951,"=HYPERLINK(""https://www.ncbi.nlm.nih.gov/nucleotide/KP308655.1?report=genbank&log$=nucltop&blast_rank=4&RID=8HKDMKP301N"",""KP308655.1"")"
"Uncultured archaeon clone 40H-0N-24 dinitrogenase reductase (nifH) gene, partial cds",uncultured archaeon,169,169,0%,2e-37,70.08,380,"=HYPERLINK(""https://www.ncbi.nlm.nih.gov/nucleotide/EU713988.1?report=genbank&log$=nucltop&blast_rank=5&RID=8HKDMKP301N"",""EU713988.1"")"
"Uncultured rumen archaeon clone tcpreg5_3 thermosome (tcp1) gene, partial cds",uncultured rumen archaeon,162,162,0%,3e-35,82.10,708,"=HYPERLINK(""https://www.ncbi.nlm.nih.gov/nucleotide/HQ268210.1?report=genbank&log$=nucltop&blast_rank=6&RID=8HKDMKP301N"",""HQ268210.1"")"
"Uncultured archaeon clone H4-ths chaperonin beta subunit (thsB) gene, partial cds",uncultured archaeon,162,162,0%,3e-35,74.49,756,"=HYPERLINK(""https://www.ncbi.nlm.nih.gov/nucleotide/GU059017.1?report=genbank&log$=nucltop&blast_rank=7&RID=8HKDMKP301N"",""GU059017.1"")"
Uncultured archaeon clone gwa2_scaffold_75 genomic sequence,uncultured archaeon,159,423,0%,4e-34,72.19,300910,"=HYPERLINK(""https://www.ncbi.nlm.nih.gov/nucleotide/KP308712.1?report=genbank&log$=nucltop&blast_rank=8&RID=8HKDMKP301N"",""KP308712.1"")"
Uncultured archaeon clone GWB1_scaffold_43 genomic sequence,uncultured archaeon,159,288,0%,4e-34,72.19,253240,"=HYPERLINK(""https://www.ncbi.nlm.nih.gov/nucleotide/KP308706.1?report=genbank&log$=nucltop&blast_rank=9&RID=8HKDMKP301N"",""KP308706.1"")"
"Uncultured rumen archaeon clone TD1 thermosome (tcp1) gene, partial cds",uncultured rumen archaeon,158,158,0%,4e-34,81.48,708,"=HYPERLINK(""https://www.ncbi.nlm.nih.gov/nucleotide/HQ268209.1?report=genbank&log$=nucltop&blast_rank=10&RID=8HKDMKP301N"",""HQ268209.1"")"
"Uncultured rumen archaeon clone TCPREG_G02 thermosome (tcp1) gene, partial cds",uncultured rumen archaeon,156,156,0%,1e-33,81.37,708,"=HYPERLINK(""https://www.ncbi.nlm.nih.gov/nucleotide/HQ268212.1?report=genbank&log$=nucltop&blast_rank=11&RID=8HKDMKP301N"",""HQ268212.1"")"
"Uncultured rumen archaeon clone TCPREG_A11 thermosome (tcp1) gene, partial cds",uncultured rumen archaeon,153,153,0%,2e-32,80.86,708,"=HYPERLINK(""https://www.ncbi.nlm.nih.gov/nucleotide/HQ268211.1?report=genbank&log$=nucltop&blast_rank=12&RID=8HKDMKP301N"",""HQ268211.1"")"
"Uncultured rumen archaeon clone tcpreg2_12 thermosome (tcp1) gene, partial cds",uncultured rumen archaeon,153,153,0%,2e-32,80.86,708,"=HYPERLINK(""https://www.ncbi.nlm.nih.gov/nucleotide/HQ268205.1?report=genbank&log$=nucltop&blast_rank=13&RID=8HKDMKP301N"",""HQ268205.1"")"
"Uncultured rumen archaeon clone tcprat5_9 thermosome (TCP-1) gene, partial cds",uncultured rumen archaeon,153,153,0%,2e-32,80.86,708,"=HYPERLINK(""https://www.ncbi.nlm.nih.gov/nucleotide/JF717658.1?report=genbank&log$=nucltop&blast_rank=14&RID=8HKDMKP301N"",""JF717658.1"")"
"Uncultured archaeon clone CR-FL-cpn60-38 chaperonin subunit gene, partial cds",uncultured archaeon,151,151,0%,6e-32,75.22,769,"=HYPERLINK(""https://www.ncbi.nlm.nih.gov/nucleotide/KY639825.1?report=genbank&log$=nucltop&blast_rank=15&RID=8HKDMKP301N"",""KY639825.1"")"
"Uncultured archaeon clone CR-FL-cpn60-27 chaperonin subunit gene, partial cds",uncultured archaeon,151,151,0%,6e-32,74.58,769,"=HYPERLINK(""https://www.ncbi.nlm.nih.gov/nucleotide/KY639815.1?report=genbank&log$=nucltop&blast_rank=16&RID=8HKDMKP301N"",""KY639815.1"")"
"Uncultured archaeon clone CR-FL-cpn60-73 chaperonin subunit gene, partial cds",uncultured archaeon,147,147,0%,7e-31,74.78,769,"=HYPERLINK(""https://www.ncbi.nlm.nih.gov/nucleotide/KY639845.1?report=genbank&log$=nucltop&blast_rank=17&RID=8HKDMKP301N"",""KY639845.1"")"
Uncultured archaeon clone AR5_2 genomic sequence,uncultured archaeon,146,146,0%,3e-30,76.26,399153,"=HYPERLINK(""https://www.ncbi.nlm.nih.gov/nucleotide/KP308749.1?report=genbank&log$=nucltop&blast_rank=18&RID=8HKDMKP301N"",""KP308749.1"")"
"Uncultured rumen archaeon clone tcprat24_3 thermosome (TCP-1) gene, partial cds",uncultured rumen archaeon,145,145,0%,3e-30,74.88,665,"=HYPERLINK(""https://www.ncbi.nlm.nih.gov/nucleotide/JF717656.1?report=genbank&log$=nucltop&blast_rank=19&RID=8HKDMKP301N"",""JF717656.1"")"
"Uncultured archaeon nflH gene for dinitrogenase reductase-like protein, partial cds, clone: K8MV-C22nifH_19",uncultured archaeon,141,141,0%,3e-29,69.37,334,"=HYPERLINK(""https://www.ncbi.nlm.nih.gov/nucleotide/AB362398.1?report=genbank&log$=nucltop&blast_rank=20&RID=8HKDMKP301N"",""AB362398.1"")"
"Uncultured archaeon clone 40H-0N-3 dinitrogenase reductase (nifH) gene, partial cds",uncultured archaeon,140,140,0%,1e-28,68.98,380,"=HYPERLINK(""https://www.ncbi.nlm.nih.gov/nucleotide/EU713967.1?report=genbank&log$=nucltop&blast_rank=21&RID=8HKDMKP301N"",""EU713967.1"")"
"Uncultured archaeon clone CR-FL-cpn60-50 chaperonin subunit gene, partial cds",uncultured archaeon,137,137,0%,1e-27,72.62,739,"=HYPERLINK(""https://www.ncbi.nlm.nih.gov/nucleotide/KY639831.1?report=genbank&log$=nucltop&blast_rank=22&RID=8HKDMKP301N"",""KY639831.1"")"
Uncultured archaeon clone RBG_16_scaffold_5757 genomic sequence,uncultured archaeon,137,224,0%,1e-27,66.53,57949,"=HYPERLINK(""https://www.ncbi.nlm.nih.gov/nucleotide/KP308668.1?report=genbank&log$=nucltop&blast_rank=23&RID=8HKDMKP301N"",""KP308668.1"")"
"Uncultured rumen archaeon clone TCPDRY_H09 thermosome (tcp1) gene, partial cds",uncultured rumen archaeon,137,137,0%,1e-27,76.50,708,"=HYPERLINK(""https://www.ncbi.nlm.nih.gov/nucleotide/HQ268213.1?report=genbank&log$=nucltop&blast_rank=24&RID=8HKDMKP301N"",""HQ268213.1"")"
Uncultured archaeon MedDCM-OCT-S05-C724 genomic sequence,uncultured archaeon MedDCM-OCT-S05-C724,137,137,0%,1e-27,72.18,12497,"=HYPERLINK(""https://www.ncbi.nlm.nih.gov/nucleotide/GU942967.1?report=genbank&log$=nucltop&blast_rank=25&RID=8HKDMKP301N"",""GU942967.1"")"
"Uncultured archaeon clone CR-FL-cpn60-67 chaperonin subunit gene, partial cds",uncultured archaeon,133,133,0%,2e-26,72.16,772,"=HYPERLINK(""https://www.ncbi.nlm.nih.gov/nucleotide/KY639841.1?report=genbank&log$=nucltop&blast_rank=26&RID=8HKDMKP301N"",""KY639841.1"")"
"Rice Cluster I (RC-I), uncultured archeon clone 4B7 complete sequence",uncultured archaeon,133,770,0%,2e-26,72.89,42323,"=HYPERLINK(""https://www.ncbi.nlm.nih.gov/nucleotide/CR626856.1?report=genbank&log$=nucltop&blast_rank=27&RID=8HKDMKP301N"",""CR626856.1"")"
"Uncultured archaeon clone CR-FL-cpn60-5 chaperonin subunit gene, partial cds",uncultured archaeon,132,132,0%,2e-26,72.73,772,"=HYPERLINK(""https://www.ncbi.nlm.nih.gov/nucleotide/KY639803.1?report=genbank&log$=nucltop&blast_rank=28&RID=8HKDMKP301N"",""KY639803.1"")"
"Uncultured rumen archaeon clone TCPREG_H11 thermosome (tcp1) gene, partial cds",uncultured rumen archaeon,132,132,0%,6e-26,79.33,594,"=HYPERLINK(""https://www.ncbi.nlm.nih.gov/nucleotide/HQ268224.1?report=genbank&log$=nucltop&blast_rank=29&RID=8HKDMKP301N"",""HQ268224.1"")"
"Uncultured archaeon clone CR-FL-cpn60-66 chaperonin subunit gene, partial cds",uncultured archaeon,131,131,0%,6e-26,73.82,770,"=HYPERLINK(""https://www.ncbi.nlm.nih.gov/nucleotide/KY639840.1?report=genbank&log$=nucltop&blast_rank=30&RID=8HKDMKP301N"",""KY639840.1"")"
"Uncultured archaeon clone ASS_A1, complete genome",uncultured archaeon,131,1059,0%,6e-26,73.27,2226687,"=HYPERLINK(""https://www.ncbi.nlm.nih.gov/nucleotide/CP009479.1?report=genbank&log$=nucltop&blast_rank=31&RID=8HKDMKP301N"",""CP009479.1"")"
"Uncultured rumen archaeon clone tcprat3_F08 thermosome-like (TCP-1) gene, partial sequence",uncultured rumen archaeon,130,130,0%,2e-25,77.44,707,"=HYPERLINK(""https://www.ncbi.nlm.nih.gov/nucleotide/JF717649.1?report=genbank&log$=nucltop&blast_rank=32&RID=8HKDMKP301N"",""JF717649.1"")"
Uncultured archaeon clone gwa2_scaffold_237 genomic sequence,uncultured archaeon,129,129,0%,2e-25,68.82,104901,"=HYPERLINK(""https://www.ncbi.nlm.nih.gov/nucleotide/KP308568.1?report=genbank&log$=nucltop&blast_rank=33&RID=8HKDMKP301N"",""KP308568.1"")"
Uncultured archaeon clone rifoxyb1_full_scaffold_228_curated,uncultured archaeon,128,128,0%,7e-25,69.12,53607,"=HYPERLINK(""https://www.ncbi.nlm.nih.gov/nucleotide/KY476669.1?report=genbank&log$=nucltop&blast_rank=34&RID=8HKDMKP301N"",""KY476669.1"")"
"Uncultured archaeon clone CR-FL-cpn60-44 chaperonin subunit gene, partial cds",uncultured archaeon,127,127,0%,7e-25,72.76,769,"=HYPERLINK(""https://www.ncbi.nlm.nih.gov/nucleotide/KY639829.1?report=genbank&log$=nucltop&blast_rank=35&RID=8HKDMKP301N"",""KY639829.1"")"
"Uncultured rumen archaeon clone tcprat4_2 thermosome (TCP-1) gene, partial cds",uncultured rumen archaeon,127,127,0%,7e-25,76.97,708,"=HYPERLINK(""https://www.ncbi.nlm.nih.gov/nucleotide/JF717650.1?report=genbank&log$=nucltop&blast_rank=36&RID=8HKDMKP301N"",""JF717650.1"")"
"Uncultured rumen archaeon clone tcprat3_G04 thermosome (TCP-1) gene, partial cds",uncultured rumen archaeon,127,127,0%,7e-25,78.67,708,"=HYPERLINK(""https://www.ncbi.nlm.nih.gov/nucleotide/JF717646.1?report=genbank&log$=nucltop&blast_rank=37&RID=8HKDMKP301N"",""JF717646.1"")"
"Uncultured rumen archaeon clone tcprat19_3 thermosome (TCP-1) gene, partial cds",uncultured rumen archaeon,127,127,0%,7e-25,76.97,708,"=HYPERLINK(""https://www.ncbi.nlm.nih.gov/nucleotide/JF717645.1?report=genbank&log$=nucltop&blast_rank=38&RID=8HKDMKP301N"",""JF717645.1"")"
"Uncultured rumen archaeon clone tcprat13_7 thermosome (TCP-1) gene, partial cds",uncultured rumen archaeon,127,127,0%,7e-25,76.97,708,"=HYPERLINK(""https://www.ncbi.nlm.nih.gov/nucleotide/JF717643.1?report=genbank&log$=nucltop&blast_rank=39&RID=8HKDMKP301N"",""JF717643.1"")"
"Uncultured archaeon clone CR-FL-cpn60-69 chaperonin subunit gene, partial cds",uncultured archaeon,126,126,0%,2e-24,73.39,713,"=HYPERLINK(""https://www.ncbi.nlm.nih.gov/nucleotide/KY639842.1?report=genbank&log$=nucltop&blast_rank=40&RID=8HKDMKP301N"",""KY639842.1"")"
"Uncultured archaeon clone CR-FL-cpn60-21 chaperonin subunit gene, partial cds",uncultured archaeon,126,126,0%,2e-24,73.39,769,"=HYPERLINK(""https://www.ncbi.nlm.nih.gov/nucleotide/KY639812.1?report=genbank&log$=nucltop&blast_rank=41&RID=8HKDMKP301N"",""KY639812.1"")"
"Uncultured rumen archaeon clone id_b16515 thermosome (tcp1) gene, partial cds",uncultured rumen archaeon,126,126,0%,2e-24,78.29,708,"=HYPERLINK(""https://www.ncbi.nlm.nih.gov/nucleotide/HQ268225.1?report=genbank&log$=nucltop&blast_rank=42&RID=8HKDMKP301N"",""HQ268225.1"")"
"Uncultured archaeon clone 25H-0N-3 dinitrogenase reductase (nifH) gene, partial cds",uncultured archaeon,126,126,0%,2e-24,68.35,380,"=HYPERLINK(""https://www.ncbi.nlm.nih.gov/nucleotide/EU713924.1?report=genbank&log$=nucltop&blast_rank=43&RID=8HKDMKP301N"",""EU713924.1"")"
"Uncultured archaeon clone CR-FL-cpn60-71 chaperonin subunit gene, partial cds",uncultured archaeon,123,123,0%,3e-23,72.36,769,"=HYPERLINK(""https://www.ncbi.nlm.nih.gov/nucleotide/KY639844.1?report=genbank&log$=nucltop&blast_rank=44&RID=8HKDMKP301N"",""KY639844.1"")"
Uncultured archaeon clone rifcsphigho2_02_scaffold_918_curated,uncultured archaeon,123,224,0%,3e-23,71.85,157135,"=HYPERLINK(""https://www.ncbi.nlm.nih.gov/nucleotide/KY476665.1?report=genbank&log$=nucltop&blast_rank=45&RID=8HKDMKP301N"",""KY476665.1"")"
"Uncultured rumen archaeon clone TCPDRY_E05 thermosome (tcp1) gene, partial cds",uncultured rumen archaeon,123,123,0%,3e-23,73.50,708,"=HYPERLINK(""https://www.ncbi.nlm.nih.gov/nucleotide/HQ268244.1?report=genbank&log$=nucltop&blast_rank=46&RID=8HKDMKP301N"",""HQ268244.1"")"
"Uncultured rumen archaeon clone TCPREG_H10 thermosome (tcp1) gene, partial cds",uncultured rumen archaeon,123,123,0%,3e-23,73.50,689,"=HYPERLINK(""https://www.ncbi.nlm.nih.gov/nucleotide/HQ268240.1?report=genbank&log$=nucltop&blast_rank=47&RID=8HKDMKP301N"",""HQ268240.1"")"
"Uncultured rumen archaeon clone TCPDRY_G01 thermosome (tcp1) gene, partial cds",uncultured rumen archaeon,123,123,0%,3e-23,73.50,708,"=HYPERLINK(""https://www.ncbi.nlm.nih.gov/nucleotide/HQ268239.1?report=genbank&log$=nucltop&blast_rank=48&RID=8HKDMKP301N"",""HQ268239.1"")"
"Uncultured rumen archaeon clone tcpreg4_2 thermosome-like (tcp1) gene, partial sequence",uncultured rumen archaeon,123,123,0%,3e-23,73.50,707,"=HYPERLINK(""https://www.ncbi.nlm.nih.gov/nucleotide/HQ268238.1?report=genbank&log$=nucltop&blast_rank=49&RID=8HKDMKP301N"",""HQ268238.1"")"
"Uncultured rumen archaeon clone tcpreg7_2 thermosome (tcp1) gene, partial cds",uncultured rumen archaeon,123,123,0%,3e-23,78.00,708,"=HYPERLINK(""https://www.ncbi.nlm.nih.gov/nucleotide/HQ268223.1?report=genbank&log$=nucltop&blast_rank=50&RID=8HKDMKP301N"",""HQ268223.1"")"
"Uncultured rumen archaeon clone tcprat6_3 thermosome (TCP-1) gene, partial cds",uncultured rumen archaeon,123,123,0%,3e-23,73.50,708,"=HYPERLINK(""https://www.ncbi.nlm.nih.gov/nucleotide/JF717657.1?report=genbank&log$=nucltop&blast_rank=51&RID=8HKDMKP301N"",""JF717657.1"")"
"Uncultured rumen archaeon clone tcprat20_5 thermosome (TCP-1) gene, partial cds",uncultured rumen archaeon,123,123,0%,3e-23,78.00,708,"=HYPERLINK(""https://www.ncbi.nlm.nih.gov/nucleotide/JF717648.1?report=genbank&log$=nucltop&blast_rank=52&RID=8HKDMKP301N"",""JF717648.1"")"
"Uncultured rumen archaeon clone tcprat3_C05 thermosome (TCP-1) gene, partial cds",uncultured rumen archaeon,123,123,0%,3e-23,76.36,708,"=HYPERLINK(""https://www.ncbi.nlm.nih.gov/nucleotide/JF717647.1?report=genbank&log$=nucltop&blast_rank=53&RID=8HKDMKP301N"",""JF717647.1"")"
"Uncultured rumen archaeon clone tcprat3_D04 thermosome (TCP-1) gene, partial cds",uncultured rumen archaeon,123,123,0%,3e-23,78.00,701,"=HYPERLINK(""https://www.ncbi.nlm.nih.gov/nucleotide/JF717644.1?report=genbank&log$=nucltop&blast_rank=54&RID=8HKDMKP301N"",""JF717644.1"")"
"Uncultured archaeon clone CR-FL-cpn60-3 chaperonin subunit gene, partial cds",uncultured archaeon,122,122,0%,3e-23,72.96,770,"=HYPERLINK(""https://www.ncbi.nlm.nih.gov/nucleotide/KY639802.1?report=genbank&log$=nucltop&blast_rank=55&RID=8HKDMKP301N"",""KY639802.1"")"
Uncultured archaeon clone gwb2_scaffold_657 genomic sequence,uncultured archaeon,121,389,0%,1e-22,68.19,82055,"=HYPERLINK(""https://www.ncbi.nlm.nih.gov/nucleotide/KP308541.1?report=genbank&log$=nucltop&blast_rank=56&RID=8HKDMKP301N"",""KP308541.1"")"
"Uncultured rumen archaeon clone TCPDRY_B09 thermosome (tcp1) gene, partial cds",uncultured rumen archaeon,121,121,0%,1e-22,76.73,708,"=HYPERLINK(""https://www.ncbi.nlm.nih.gov/nucleotide/HQ268233.1?report=genbank&log$=nucltop&blast_rank=57&RID=8HKDMKP301N"",""HQ268233.1"")"
Uncultured archaeon clone gwa2_scaffold_6854 genomic sequence,uncultured archaeon,120,120,0%,1e-22,73.82,41420,"=HYPERLINK(""https://www.ncbi.nlm.nih.gov/nucleotide/KP308708.1?report=genbank&log$=nucltop&blast_rank=58&RID=8HKDMKP301N"",""KP308708.1"")"
Uncultured archaeon clone RBG_16_scaffold_2679 genomic sequence,uncultured archaeon,119,119,0%,4e-22,66.04,44387,"=HYPERLINK(""https://www.ncbi.nlm.nih.gov/nucleotide/KP308669.1?report=genbank&log$=nucltop&blast_rank=59&RID=8HKDMKP301N"",""KP308669.1"")"
"Uncultured archaeon nflH gene for dinitrogenase reductase-like protein, partial cds, clone: K8MV-C24nifH_22",uncultured archaeon,119,119,0%,4e-22,67.87,334,"=HYPERLINK(""https://www.ncbi.nlm.nih.gov/nucleotide/AB362399.1?report=genbank&log$=nucltop&blast_rank=60&RID=8HKDMKP301N"",""AB362399.1"")"
"Uncultured archaeon clone CR-FL-cpn60-33 chaperonin subunit gene, partial cds",uncultured archaeon,118,118,0%,4e-22,71.30,772,"=HYPERLINK(""https://www.ncbi.nlm.nih.gov/nucleotide/KY639820.1?report=genbank&log$=nucltop&blast_rank=61&RID=8HKDMKP301N"",""KY639820.1"")"
"Uncultured rumen archaeon clone TCPDRY_D12 thermosome (tcp1) gene, partial cds",uncultured rumen archaeon,118,118,0%,4e-22,73.00,683,"=HYPERLINK(""https://www.ncbi.nlm.nih.gov/nucleotide/HQ268243.1?report=genbank&log$=nucltop&blast_rank=62&RID=8HKDMKP301N"",""HQ268243.1"")"
"Uncultured rumen archaeon clone TCPDRY_H11 thermosome (tcp1) gene, partial cds",uncultured rumen archaeon,118,118,0%,4e-22,72.09,709,"=HYPERLINK(""https://www.ncbi.nlm.nih.gov/nucleotide/HQ268242.1?report=genbank&log$=nucltop&blast_rank=63&RID=8HKDMKP301N"",""HQ268242.1"")"
"Uncultured rumen archaeon clone TCPREG_E10 thermosome-like (tcp1) gene, partial sequence",uncultured rumen archaeon,118,118,0%,4e-22,72.09,707,"=HYPERLINK(""https://www.ncbi.nlm.nih.gov/nucleotide/HQ268241.1?report=genbank&log$=nucltop&blast_rank=64&RID=8HKDMKP301N"",""HQ268241.1"")"
Uncultured archaeon clone rifcsplowo2_01_scaffold_946_curated,uncultured archaeon,116,116,0%,1e-21,71.67,119135,"=HYPERLINK(""https://www.ncbi.nlm.nih.gov/nucleotide/KY476704.1?report=genbank&log$=nucltop&blast_rank=65&RID=8HKDMKP301N"",""KY476704.1"")"
"Uncultured archaeon clone D7-ths-14 chaperonin beta subunit (thsB) gene, partial cds",uncultured archaeon,114,114,0%,4e-21,71.05,765,"=HYPERLINK(""https://www.ncbi.nlm.nih.gov/nucleotide/HM234426.1?report=genbank&log$=nucltop&blast_rank=66&RID=8HKDMKP301N"",""HM234426.1"")"
"Uncultured archaeon clone CR-FL-cpn60-13 chaperonin subunit gene, partial cds",uncultured archaeon,113,113,0%,2e-20,69.62,766,"=HYPERLINK(""https://www.ncbi.nlm.nih.gov/nucleotide/KY639807.1?report=genbank&log$=nucltop&blast_rank=67&RID=8HKDMKP301N"",""KY639807.1"")"
Uncultured archaeon clone gwa2_scaffold_1018 genomic sequence,uncultured archaeon,113,256,0%,2e-20,72.64,88563,"=HYPERLINK(""https://www.ncbi.nlm.nih.gov/nucleotide/KP308577.1?report=genbank&log$=nucltop&blast_rank=68&RID=8HKDMKP301N"",""KP308577.1"")"
"Uncultured archaeon nflH gene for dinitrogenase reductase-like protein, partial cds, clone: K8MV-C22nifH_05",uncultured archaeon,113,113,0%,2e-20,68.25,334,"=HYPERLINK(""https://www.ncbi.nlm.nih.gov/nucleotide/AB362397.1?report=genbank&log$=nucltop&blast_rank=69&RID=8HKDMKP301N"",""AB362397.1"")"
"Uncultured rumen archaeon clone TCPREG_F11 thermosome (tcp1) gene, partial cds",uncultured rumen archaeon,113,113,0%,2e-20,76.32,708,"=HYPERLINK(""https://www.ncbi.nlm.nih.gov/nucleotide/HQ268214.1?report=genbank&log$=nucltop&blast_rank=70&RID=8HKDMKP301N"",""HQ268214.1"")"
"Uncultured rumen archaeon clone TCPDRY_B05 thermosome (tcp1) gene, partial cds",uncultured rumen archaeon,112,112,0%,5e-20,73.74,708,"=HYPERLINK(""https://www.ncbi.nlm.nih.gov/nucleotide/HQ268221.1?report=genbank&log$=nucltop&blast_rank=71&RID=8HKDMKP301N"",""HQ268221.1"")"
"Uncultured archaeon clone CR-FL-cpn60-35 chaperonin subunit gene, partial cds",uncultured archaeon,109,109,0%,2e-19,69.60,766,"=HYPERLINK(""https://www.ncbi.nlm.nih.gov/nucleotide/KY639822.1?report=genbank&log$=nucltop&blast_rank=72&RID=8HKDMKP301N"",""KY639822.1"")"
"Uncultured archaeon clone G-6-40-C9 Cpn60 gene, partial cds",uncultured archaeon,109,109,0%,2e-19,76.00,726,"=HYPERLINK(""https://www.ncbi.nlm.nih.gov/nucleotide/KY707571.1?report=genbank&log$=nucltop&blast_rank=73&RID=8HKDMKP301N"",""KY707571.1"")"
Uncultured archaeon clone gwa2_scaffold_1090 genomic sequence,uncultured archaeon,108,108,0%,6e-19,70.33,56000,"=HYPERLINK(""https://www.ncbi.nlm.nih.gov/nucleotide/KP308578.1?report=genbank&log$=nucltop&blast_rank=74&RID=8HKDMKP301N"",""KP308578.1"")"
"Uncultured rumen archaeon clone TCPDRY_D02 thermosome (tcp1) gene, partial cds",uncultured rumen archaeon,108,108,0%,6e-19,75.66,708,"=HYPERLINK(""https://www.ncbi.nlm.nih.gov/nucleotide/HQ268219.1?report=genbank&log$=nucltop&blast_rank=75&RID=8HKDMKP301N"",""HQ268219.1"")"
Uncultured archaeon MedDCM-OCT-S11-C441 genomic sequence,uncultured archaeon MedDCM-OCT-S11-C441,108,108,0%,6e-19,69.44,25382,"=HYPERLINK(""https://www.ncbi.nlm.nih.gov/nucleotide/GU942977.1?report=genbank&log$=nucltop&blast_rank=76&RID=8HKDMKP301N"",""GU942977.1"")"
"Uncultured rumen archaeon clone TCPDRY_E10 thermosome-like (tcp1) gene, partial sequence",uncultured rumen archaeon,107,107,0%,6e-19,78.29,707,"=HYPERLINK(""https://www.ncbi.nlm.nih.gov/nucleotide/HQ268235.1?report=genbank&log$=nucltop&blast_rank=77&RID=8HKDMKP301N"",""HQ268235.1"")"
"Uncultured rumen archaeon clone TR3 thermosome (tcp1) gene, partial cds",uncultured rumen archaeon,107,107,0%,6e-19,74.84,708,"=HYPERLINK(""https://www.ncbi.nlm.nih.gov/nucleotide/HQ268232.1?report=genbank&log$=nucltop&blast_rank=78&RID=8HKDMKP301N"",""HQ268232.1"")"
"Uncultured rumen archaeon clone TCPREG_F01 thermosome (tcp1) gene, partial cds",uncultured rumen archaeon,107,107,0%,6e-19,74.84,708,"=HYPERLINK(""https://www.ncbi.nlm.nih.gov/nucleotide/HQ268231.1?report=genbank&log$=nucltop&blast_rank=79&RID=8HKDMKP301N"",""HQ268231.1"")"
"Uncultured rumen archaeon clone TCPDRY_D11 thermosome (tcp1) gene, partial cds",uncultured rumen archaeon,107,107,0%,6e-19,71.57,708,"=HYPERLINK(""https://www.ncbi.nlm.nih.gov/nucleotide/HQ268215.1?report=genbank&log$=nucltop&blast_rank=80&RID=8HKDMKP301N"",""HQ268215.1"")"
"Uncultured archaeon clone CR-FL-cpn60-8 chaperonin subunit gene, partial cds",uncultured archaeon,106,106,0%,2e-18,69.80,766,"=HYPERLINK(""https://www.ncbi.nlm.nih.gov/nucleotide/KY639804.1?report=genbank&log$=nucltop&blast_rank=81&RID=8HKDMKP301N"",""KY639804.1"")"
"Uncultured archaeon clone G-6-40-C110 Cpn60 gene, partial cds",uncultured archaeon,104,104,0%,8e-18,75.33,726,"=HYPERLINK(""https://www.ncbi.nlm.nih.gov/nucleotide/KY707672.1?report=genbank&log$=nucltop&blast_rank=82&RID=8HKDMKP301N"",""KY707672.1"")"
"Uncultured archaeon clone G-6-40-C108 Cpn60 gene, partial cds",uncultured archaeon,104,104,0%,8e-18,75.33,726,"=HYPERLINK(""https://www.ncbi.nlm.nih.gov/nucleotide/KY707670.1?report=genbank&log$=nucltop&blast_rank=83&RID=8HKDMKP301N"",""KY707670.1"")"
"Uncultured archaeon clone G-6-40-C107 Cpn60 gene, partial cds",uncultured archaeon,104,104,0%,8e-18,75.33,726,"=HYPERLINK(""https://www.ncbi.nlm.nih.gov/nucleotide/KY707669.1?report=genbank&log$=nucltop&blast_rank=84&RID=8HKDMKP301N"",""KY707669.1"")"
"Uncultured archaeon clone G-6-40-C106 Cpn60 gene, partial cds",uncultured archaeon,104,104,0%,8e-18,75.33,726,"=HYPERLINK(""https://www.ncbi.nlm.nih.gov/nucleotide/KY707668.1?report=genbank&log$=nucltop&blast_rank=85&RID=8HKDMKP301N"",""KY707668.1"")"
"Uncultured archaeon clone G-6-40-C105 Cpn60 gene, partial cds",uncultured archaeon,104,104,0%,8e-18,75.33,726,"=HYPERLINK(""https://www.ncbi.nlm.nih.gov/nucleotide/KY707667.1?report=genbank&log$=nucltop&blast_rank=86&RID=8HKDMKP301N"",""KY707667.1"")"
"Uncultured archaeon clone G-6-40-C103 Cpn60 gene, partial cds",uncultured archaeon,104,104,0%,8e-18,75.33,726,"=HYPERLINK(""https://www.ncbi.nlm.nih.gov/nucleotide/KY707665.1?report=genbank&log$=nucltop&blast_rank=87&RID=8HKDMKP301N"",""KY707665.1"")"
"Uncultured archaeon clone G-6-40-C102 Cpn60 gene, partial cds",uncultured archaeon,104,104,0%,8e-18,75.33,726,"=HYPERLINK(""https://www.ncbi.nlm.nih.gov/nucleotide/KY707664.1?report=genbank&log$=nucltop&blast_rank=88&RID=8HKDMKP301N"",""KY707664.1"")"
"Uncultured archaeon clone G-6-40-C101 Cpn60 gene, partial cds",uncultured archaeon,104,104,0%,8e-18,75.33,726,"=HYPERLINK(""https://www.ncbi.nlm.nih.gov/nucleotide/KY707663.1?report=genbank&log$=nucltop&blast_rank=89&RID=8HKDMKP301N"",""KY707663.1"")"
"Uncultured archaeon clone G-6-40-C100 Cpn60 gene, partial cds",uncultured archaeon,104,104,0%,8e-18,75.33,726,"=HYPERLINK(""https://www.ncbi.nlm.nih.gov/nucleotide/KY707662.1?report=genbank&log$=nucltop&blast_rank=90&RID=8HKDMKP301N"",""KY707662.1"")"
"Uncultured archaeon clone G-6-40-C99 Cpn60 gene, partial cds",uncultured archaeon,104,104,0%,8e-18,75.33,726,"=HYPERLINK(""https://www.ncbi.nlm.nih.gov/nucleotide/KY707661.1?report=genbank&log$=nucltop&blast_rank=91&RID=8HKDMKP301N"",""KY707661.1"")"
"Uncultured archaeon clone G-6-40-C97 Cpn60 gene, partial cds",uncultured archaeon,104,104,0%,8e-18,75.33,726,"=HYPERLINK(""https://www.ncbi.nlm.nih.gov/nucleotide/KY707659.1?report=genbank&log$=nucltop&blast_rank=92&RID=8HKDMKP301N"",""KY707659.1"")"
"Uncultured archaeon clone G-6-40-C96 Cpn60 gene, partial cds",uncultured archaeon,104,104,0%,8e-18,75.33,726,"=HYPERLINK(""https://www.ncbi.nlm.nih.gov/nucleotide/KY707658.1?report=genbank&log$=nucltop&blast_rank=93&RID=8HKDMKP301N"",""KY707658.1"")"
"Uncultured archaeon clone G-6-40-C95 Cpn60 gene, partial cds",uncultured archaeon,104,104,0%,8e-18,75.33,726,"=HYPERLINK(""https://www.ncbi.nlm.nih.gov/nucleotide/KY707657.1?report=genbank&log$=nucltop&blast_rank=94&RID=8HKDMKP301N"",""KY707657.1"")"
"Uncultured archaeon clone G-6-40-C94 Cpn60 gene, partial cds",uncultured archaeon,104,104,0%,8e-18,75.33,726,"=HYPERLINK(""https://www.ncbi.nlm.nih.gov/nucleotide/KY707656.1?report=genbank&log$=nucltop&blast_rank=95&RID=8HKDMKP301N"",""KY707656.1"")"
"Uncultured archaeon clone G-6-40-C93 Cpn60 gene, partial cds",uncultured archaeon,104,104,0%,8e-18,75.33,726,"=HYPERLINK(""https://www.ncbi.nlm.nih.gov/nucleotide/KY707655.1?report=genbank&log$=nucltop&blast_rank=96&RID=8HKDMKP301N"",""KY707655.1"")"
"Uncultured archaeon clone G-6-40-C91 Cpn60 gene, partial cds",uncultured archaeon,104,104,0%,8e-18,75.33,726,"=HYPERLINK(""https://www.ncbi.nlm.nih.gov/nucleotide/KY707653.1?report=genbank&log$=nucltop&blast_rank=97&RID=8HKDMKP301N"",""KY707653.1"")"
"Uncultured archaeon clone G-6-40-C90 Cpn60 gene, partial cds",uncultured archaeon,104,104,0%,8e-18,75.33,726,"=HYPERLINK(""https://www.ncbi.nlm.nih.gov/nucleotide/KY707652.1?report=genbank&log$=nucltop&blast_rank=98&RID=8HKDMKP301N"",""KY707652.1"")"
"Uncultured archaeon clone G-6-40-C89 Cpn60 gene, partial cds",uncultured archaeon,104,104,0%,8e-18,75.33,726,"=HYPERLINK(""https://www.ncbi.nlm.nih.gov/nucleotide/KY707651.1?report=genbank&log$=nucltop&blast_rank=99&RID=8HKDMKP301N"",""KY707651.1"")"
"Uncultured archaeon clone G-6-40-C88 Cpn60 gene, partial cds",uncultured archaeon,104,104,0%,8e-18,75.33,726,"=HYPERLINK(""https://www.ncbi.nlm.nih.gov/nucleotide/KY707650.1?report=genbank&log$=nucltop&blast_rank=100&RID=8HKDMKP301N"",""KY707650.1"")"



		


